Date;Prix
1995-01-13;465.97
1995-01-20;464.78
1995-01-27;470.39
1995-03-02;478.64
1995-10-02;481.46
1995-02-17;481.97
1995-02-24;488.11
1995-03-03;485.42
1995-10-03;489.57
1995-03-17;495.52
1995-03-24;500.97
1995-03-31;500.71
1995-07-04;506.42
1995-04-14;509.23
1995-04-21;508.49
1995-04-28;514.71
1995-05-05;520.12
1995-12-05;525.55
1995-05-19;519.19
1995-05-26;523.65
1995-02-06;532.51
1995-09-06;527.94
1995-06-16;539.83
1995-06-23;549.71
1995-06-30;544.75
1995-07-07;556.37
1995-07-14;559.89
1995-07-21;553.62
1995-07-28;562.93
1995-04-08;558.94
1995-11-08;555.11
1995-08-18;559.21
1995-08-25;560.1
1995-01-09;563.84
1995-08-09;572.68
1995-09-15;583.35
1995-09-22;581.73
1995-09-29;584.41
1995-06-10;582.49
1995-10-13;584.5
1995-10-20;587.46
1995-10-27;579.7
1995-03-11;590.57
1995-10-11;592.72
1995-11-17;600.07
1995-11-24;599.97
1995-01-12;606.98
1995-08-12;617.48
1995-12-15;616.34
1995-12-22;611.96
1995-12-29;615.93
1996-05-01;616.71
1996-12-01;601.81
1996-01-19;611.83
1996-01-26;621.62
1996-02-02;635.84
1996-09-02;656.37
1996-02-16;647.98
1996-02-23;659.08
1996-01-03;644.37
1996-08-03;633.5
1996-03-15;641.43
1996-03-22;650.62
1996-03-29;645.5
1996-05-04;655.86
1996-12-04;636.71
1996-04-19;645.07
1996-04-26;653.46
1996-03-05;641.63
1996-10-05;652.09
1996-05-17;668.91
1996-05-24;678.51
1996-05-31;669.12
1996-07-06;673.31
1996-06-14;665.85
1996-06-21;666.84
1996-06-28;670.63
1996-05-07;657.44
1996-12-07;646.19
1996-07-19;638.73
1996-07-26;635.9
1996-02-08;662.49
1996-09-08;662.1
1996-08-16;665.21
1996-08-23;667.03
1996-08-30;651.99
1996-06-09;655.68
1996-09-13;680.54
1996-09-20;687.03
1996-09-27;686.19
1996-04-10;701.46
1996-11-10;700.66
1996-10-18;710.82
1996-10-25;700.92
1996-01-11;703.77
1996-08-11;730.82
1996-11-15;737.62
1996-11-22;748.73
1996-11-29;757.02
1996-06-12;739.6
1996-12-13;728.64
1996-12-20;748.87
1996-12-27;756.79
1997-03-01;748.03
1997-10-01;759.5
1997-01-17;776.17
1997-01-24;770.52
1997-01-31;786.16
1997-07-02;789.56
1997-02-14;808.48
1997-02-21;801.77
1997-02-28;790.82
1997-07-03;804.97
1997-03-14;793.17
1997-03-21;784.1
1997-03-28;773.88
1997-04-04;757.9
1997-11-04;737.65
1997-04-18;766.34
1997-04-25;765.37
1997-02-05;812.97
1997-09-05;824.78
1997-05-16;829.75
1997-05-23;847.03
1997-05-30;848.28
1997-06-06;858.01
1997-06-13;893.27
1997-06-20;898.7
1997-06-27;887.3
1997-04-07;916.92
1997-11-07;916.68
1997-07-18;915.3
1997-07-25;938.79
1997-01-08;947.14
1997-08-08;933.54
1997-08-15;900.81
1997-08-22;923.55
1997-08-29;899.47
1997-05-09;929.05
1997-12-09;923.91
1997-09-19;950.51
1997-09-26;945.22
1997-03-10;965.03
1997-10-10;966.98
1997-10-17;944.16
1997-10-24;941.64
1997-10-31;914.62
1997-07-11;927.51
1997-11-14;928.35
1997-11-21;963.09
1997-11-28;955.4
1997-05-12;983.79
1997-12-12;953.39
1997-12-19;946.78
1997-12-26;936.46
1998-02-01;975.04
1998-09-01;927.69
1998-01-16;961.51
1998-01-23;957.59
1998-01-30;980.28
1998-06-02;1012.4
1998-02-13;1020.0
1998-02-20;1034.2
1998-02-27;1049.3
1998-06-03;1055.6
1998-03-13;1068.6
1998-03-20;1099.1
1998-03-27;1095.4
1998-03-04;1122.7
1998-10-04;1110.6
1998-04-17;1122.7
1998-04-24;1107.9
1998-01-05;1121.0
1998-08-05;1108.1
1998-05-15;1108.7
1998-05-22;1110.4
1998-05-29;1090.8
1998-05-06;1113.8
1998-12-06;1098.8
1998-06-19;1100.6
1998-06-26;1133.2
1998-03-07;1146.4
1998-10-07;1164.3
1998-07-17;1186.7
1998-07-24;1140.8
1998-07-31;1120.6
1998-07-08;1089.4
1998-08-14;1062.7
1998-08-21;1081.2
1998-08-28;1027.1
1998-04-09;973.89
1998-11-09;1009.0
1998-09-18;1020.0
1998-09-25;1044.7
1998-02-10;1002.6
1998-09-10;984.39
1998-10-16;1056.4
1998-10-23;1070.6
1998-10-30;1098.6
1998-06-11;1141.0
1998-11-13;1125.7
1998-11-20;1163.5
1998-11-27;1192.3
1998-04-12;1176.7
1998-11-12;1166.4
1998-12-18;1188.0
1998-12-25;1226.2
1999-01-01;1229.2
1999-08-01;1275.0
1999-01-15;1243.2
1999-01-22;1225.1
1999-01-29;1279.6
1999-05-02;1239.4
1999-12-02;1230.1
1999-02-19;1239.2
1999-02-26;1238.3
1999-05-03;1275.4
1999-12-03;1294.5
1999-03-19;1299.2
1999-03-26;1282.8
1999-02-04;1293.7
1999-09-04;1348.3
1999-04-16;1319.0
1999-04-23;1356.8
1999-04-30;1335.1
1999-07-05;1345.0
1999-05-14;1337.8
1999-05-21;1330.2
1999-05-28;1301.8
1999-04-06;1327.7
1999-11-06;1293.6
1999-06-18;1342.8
1999-06-25;1315.3
1999-02-07;1391.2
1999-09-07;1403.2
1999-07-16;1418.7
1999-07-23;1356.9
1999-07-30;1328.7
1999-06-08;1300.2
1999-08-13;1327.6
1999-08-20;1336.6
1999-08-27;1348.2
1999-03-09;1357.2
1999-10-09;1351.6
1999-09-17;1335.4
1999-09-24;1277.3
1999-01-10;1282.8
1999-08-10;1336.0
1999-10-15;1247.4
1999-10-22;1301.6
1999-10-29;1362.9
1999-05-11;1370.2
1999-12-11;1396.0
1999-11-19;1422.0
1999-11-26;1416.6
1999-03-12;1433.3
1999-10-12;1417.0
1999-12-17;1421.0
1999-12-24;1458.3
1999-12-31;1469.2
2000-07-01;1441.4
2000-01-14;1465.1
2000-01-21;1441.3
2000-01-28;1360.1
2000-04-02;1424.3
2000-11-02;1387.1
2000-02-18;1346.0
2000-02-25;1333.3
2000-03-03;1409.1
2000-10-03;1395.0
2000-03-17;1464.4
2000-03-24;1527.4
2000-03-31;1498.5
2000-07-04;1516.3
2000-04-14;1356.5
2000-04-21;1434.5
2000-04-28;1452.4
2000-05-05;1432.6
2000-12-05;1420.9
2000-05-19;1406.9
2000-05-26;1378.0
2000-02-06;1477.2
2000-09-06;1456.9
2000-06-16;1464.4
2000-06-23;1441.4
2000-06-30;1454.6
2000-07-07;1478.9
2000-07-14;1509.9
2000-07-21;1480.1
2000-07-28;1419.8
2000-04-08;1462.9
2000-11-08;1471.8
2000-08-18;1491.7
2000-08-25;1506.4
2000-01-09;1520.7
2000-08-09;1494.5
2000-09-15;1465.8
2000-09-22;1448.7
2000-09-29;1436.5
2000-06-10;1408.9
2000-10-13;1374.1
2000-10-20;1396.9
2000-10-27;1379.5
2000-03-11;1426.6
2000-10-11;1365.9
2000-11-17;1367.7
2000-11-24;1341.7
2000-01-12;1315.2
2000-08-12;1369.8
2000-12-15;1312.1
2000-12-22;1305.9
2000-12-29;1320.2
2001-05-01;1298.3
2001-12-01;1318.3
2001-01-19;1342.5
2001-01-26;1354.9
2001-02-02;1349.4
2001-09-02;1314.7
2001-02-16;1301.5
2001-02-23;1245.8
2001-02-03;1234.1
2001-09-03;1233.4
2001-03-16;1150.5
2001-03-23;1139.8
2001-03-30;1160.3
2001-06-04;1128.4
2001-04-13;1183.5
2001-04-20;1242.9
2001-04-27;1253.0
2001-04-05;1266.6
2001-11-05;1245.6
2001-05-18;1291.9
2001-05-25;1277.8
2001-01-06;1260.6
2001-08-06;1264.9
2001-06-15;1214.3
2001-06-22;1225.3
2001-06-29;1224.4
2001-06-07;1190.5
2001-07-13;1215.6
2001-07-20;1210.8
2001-07-27;1205.8
2001-03-08;1214.3
2001-10-08;1190.1
2001-08-17;1161.9
2001-08-24;1184.9
2001-08-31;1133.5
2001-07-09;1085.7
2001-09-14;1092.5
2001-09-21;965.8
2001-09-28;1040.9
2001-05-10;1071.3
2001-12-10;1091.6
2001-10-19;1073.4
2001-10-26;1104.6
2001-02-11;1087.2
2001-09-11;1120.3
2001-11-16;1138.6
2001-11-23;1150.3
2001-11-30;1139.4
2001-07-12;1158.3
2001-12-14;1123.0
2001-12-21;1144.8
2001-12-28;1161.0
2002-04-01;1172.5
2002-11-01;1145.6
2002-01-18;1127.5
2002-01-25;1133.2
2002-01-02;1122.1
2002-08-02;1096.2
2002-02-15;1104.1
2002-02-22;1089.8
2002-01-03;1131.7
2002-08-03;1164.3
2002-03-15;1166.1
2002-03-22;1148.6
2002-03-29;1147.3
2002-05-04;1122.7
2002-12-04;1111.0
2002-04-19;1125.1
2002-04-26;1076.3
2002-03-05;1073.4
2002-10-05;1054.9
2002-05-17;1106.5
2002-05-24;1083.8
2002-05-31;1067.1
2002-07-06;1027.5
2002-06-14;1007.2
2002-06-21;989.14
2002-06-28;989.81
2002-05-07;989.03
2002-12-07;921.39
2002-07-19;847.76
2002-07-26;852.84
2002-02-08;864.24
2002-09-08;908.64
2002-08-16;928.77
2002-08-23;940.86
2002-08-30;916.07
2002-06-09;893.92
2002-09-13;889.81
2002-09-20;845.39
2002-09-27;827.37
2002-04-10;800.58
2002-11-10;835.32
2002-10-18;884.39
2002-10-25;897.65
2002-01-11;900.96
2002-08-11;894.74
2002-11-15;909.83
2002-11-22;930.55
2002-11-29;936.31
2002-06-12;912.23
2002-12-13;889.48
2002-12-20;895.75
2002-12-27;875.4
2003-03-01;908.59
2003-10-01;927.57
2003-01-17;901.78
2003-01-24;861.4
2003-01-31;855.7
2003-07-02;829.69
2003-02-14;834.89
2003-02-21;848.17
2003-02-28;841.15
2003-07-03;828.89
2003-03-14;833.27
2003-03-21;895.79
2003-03-28;863.5
2003-04-04;878.85
2003-11-04;868.3
2003-04-18;893.58
2003-04-25;898.81
2003-02-05;930.08
2003-09-05;933.41
2003-05-16;944.3
2003-05-23;933.22
2003-05-30;963.59
2003-06-06;987.76
2003-06-13;988.61
2003-06-20;995.69
2003-06-27;976.22
2003-04-07;985.7
2003-11-07;998.14
2003-07-18;993.32
2003-07-25;998.68
2003-01-08;980.15
2003-08-08;977.59
2003-08-15;990.67
2003-08-22;993.06
2003-08-29;1008.0
2003-05-09;1021.3
2003-12-09;1018.6
2003-09-19;1036.3
2003-09-26;996.85
2003-03-10;1029.8
2003-10-10;1038.0
2003-10-17;1039.3
2003-10-24;1028.9
2003-10-31;1050.7
2003-07-11;1053.2
2003-11-14;1050.3
2003-11-21;1035.2
2003-11-28;1058.2
2003-05-12;1061.5
2003-12-12;1074.1
2003-12-19;1088.6
2003-12-26;1095.8
2004-02-01;1108.4
2004-09-01;1121.8
2004-01-16;1139.8
2004-01-23;1141.5
2004-01-30;1131.1
2004-06-02;1142.7
2004-02-13;1145.8
2004-02-20;1144.1
2004-02-27;1144.9
2004-05-03;1156.8
2004-12-03;1120.5
2004-03-19;1109.7
2004-03-26;1108.0
2004-02-04;1141.8
2004-09-04;1139.3
2004-04-16;1134.6
2004-04-23;1140.6
2004-04-30;1107.3
2004-07-05;1098.7
2004-05-14;1095.7
2004-05-21;1093.5
2004-05-28;1120.6
2004-04-06;1122.5
2004-11-06;1136.4
2004-06-18;1135.0
2004-06-25;1134.4
2004-02-07;1125.3
2004-09-07;1112.8
2004-07-16;1101.3
2004-07-23;1086.2
2004-07-30;1101.7
2004-06-08;1063.9
2004-08-13;1064.8
2004-08-20;1098.3
2004-08-27;1107.7
2004-03-09;1113.6
2004-10-09;1123.9
2004-09-17;1128.5
2004-09-24;1110.1
2004-01-10;1131.5
2004-08-10;1122.1
2004-10-15;1108.2
2004-10-22;1095.7
2004-10-29;1130.2
2004-05-11;1166.1
2004-12-11;1184.1
2004-11-19;1170.3
2004-11-26;1182.6
2004-03-12;1191.1
2004-10-12;1188.0
2004-12-17;1194.2
2004-12-24;1210.1
2004-12-31;1211.9
2005-07-01;1186.1
2005-01-14;1184.5
2005-01-21;1167.8
2005-01-28;1171.3
2005-04-02;1203.0
2005-11-02;1205.3
2005-02-18;1201.5
2005-02-25;1211.3
2005-04-03;1222.1
2005-11-03;1200.0
2005-03-18;1189.6
2005-03-25;1171.4
2005-01-04;1172.9
2005-08-04;1181.2
2005-04-15;1142.6
2005-04-22;1152.1
2005-04-29;1156.8
2005-06-05;1171.3
2005-05-13;1154.0
2005-05-20;1189.2
2005-05-27;1198.7
2005-03-06;1196.0
2005-10-06;1198.1
2005-06-17;1216.9
2005-06-24;1191.5
2005-01-07;1194.4
2005-08-07;1211.8
2005-07-15;1227.9
2005-07-22;1233.6
2005-07-29;1234.1
2005-05-08;1226.4
2005-12-08;1230.3
2005-08-19;1219.7
2005-08-26;1205.1
2005-02-09;1218.0
2005-09-09;1241.4
2005-09-16;1237.9
2005-09-23;1215.2
2005-09-30;1228.8
2005-07-10;1195.9
2005-10-14;1186.5
2005-10-21;1179.5
2005-10-28;1198.4
2005-04-11;1220.1
2005-11-11;1234.7
2005-11-18;1248.2
2005-11-25;1268.2
2005-02-12;1265.0
2005-09-12;1259.3
2005-12-16;1267.3
2005-12-23;1268.6
2005-12-30;1248.2
2006-06-01;1285.4
2006-01-13;1287.6
2006-01-20;1261.4
2006-01-27;1283.7
2006-03-02;1264.0
2006-10-02;1266.9
2006-02-17;1287.2
2006-02-24;1289.4
2006-03-03;1287.2
2006-10-03;1281.5
2006-03-17;1307.2
2006-03-24;1302.9
2006-03-31;1294.8
2006-07-04;1295.5
2006-04-14;1289.1
2006-04-21;1311.2
2006-04-28;1310.6
2006-05-05;1325.7
2006-12-05;1291.2
2006-05-19;1267.0
2006-05-26;1280.1
2006-02-06;1288.2
2006-09-06;1252.3
2006-06-16;1251.5
2006-06-23;1244.5
2006-06-30;1270.2
2006-07-07;1265.4
2006-07-14;1236.2
2006-07-21;1240.2
2006-07-28;1278.5
2006-04-08;1279.3
2006-11-08;1266.7
2006-08-18;1302.3
2006-08-25;1295.0
2006-01-09;1311.0
2006-08-09;1298.9
2006-09-15;1319.8
2006-09-22;1314.7
2006-09-29;1335.8
2006-06-10;1349.5
2006-10-13;1365.6
2006-10-20;1368.6
2006-10-27;1377.3
2006-03-11;1364.3
2006-10-11;1380.9
2006-11-17;1401.2
2006-11-24;1400.9
2006-01-12;1396.7
2006-08-12;1409.8
2006-12-15;1427.0
2006-12-22;1410.7
2006-12-29;1418.3
2007-05-01;1409.7
2007-12-01;1430.7
2007-01-19;1430.5
2007-01-26;1422.1
2007-02-02;1448.3
2007-09-02;1438.0
2007-02-16;1455.5
2007-02-23;1451.1
2007-02-03;1387.1
2007-09-03;1402.8
2007-03-16;1386.9
2007-03-23;1436.1
2007-03-30;1420.8
2007-06-04;1443.7
2007-04-13;1452.8
2007-04-20;1484.3
2007-04-27;1494.0
2007-04-05;1505.6
2007-11-05;1505.8
2007-05-18;1522.7
2007-05-25;1515.7
2007-01-06;1536.3
2007-08-06;1507.6
2007-06-15;1532.9
2007-06-22;1502.5
2007-06-29;1503.3
2007-06-07;1530.4
2007-07-13;1552.5
2007-07-20;1534.1
2007-07-27;1458.9
2007-03-08;1433.0
2007-10-08;1453.6
2007-08-17;1445.9
2007-08-24;1479.3
2007-08-31;1473.9
2007-07-09;1453.5
2007-09-14;1484.2
2007-09-21;1525.7
2007-09-28;1526.7
2007-05-10;1557.5
2007-12-10;1561.8
2007-10-19;1500.6
2007-10-26;1535.2
2007-02-11;1509.6
2007-09-11;1453.7
2007-11-16;1458.7
2007-11-23;1440.7
2007-11-30;1481.1
2007-07-12;1504.6
2007-12-14;1467.9
2007-12-21;1484.4
2007-12-28;1478.4
2008-04-01;1411.6
2008-11-01;1401.0
2008-01-18;1325.1
2008-01-25;1330.6
2008-01-02;1395.4
2008-08-02;1331.2
2008-02-15;1350.0
2008-02-22;1353.1
2008-02-29;1330.6
2008-07-03;1293.3
2008-03-14;1288.1
2008-03-21;1329.5
2008-03-28;1315.2
2008-04-04;1370.4
2008-11-04;1332.8
2008-04-18;1390.3
2008-04-25;1397.8
2008-02-05;1413.9
2008-09-05;1388.2
2008-05-16;1425.3
2008-05-23;1375.9
2008-05-30;1400.3
2008-06-06;1360.6
2008-06-13;1360.0
2008-06-20;1317.9
2008-06-27;1278.3
2008-04-07;1262.9
2008-11-07;1239.4
2008-07-18;1260.6
2008-07-25;1257.7
2008-01-08;1260.3
2008-08-08;1296.3
2008-08-15;1298.2
2008-08-22;1292.2
2008-08-29;1282.8
2008-05-09;1242.3
2008-12-09;1251.7
2008-09-19;1255.0
2008-09-26;1213.0
2008-03-10;1099.2
2008-10-10;899.22
2008-10-17;940.55
2008-10-24;876.77
2008-10-31;968.75
2008-07-11;930.99
2008-11-14;873.29
2008-11-21;800.03
2008-11-28;896.24
2008-05-12;876.07
2008-12-12;879.73
2008-12-19;887.88
2008-12-26;872.8
2009-02-01;931.8
2009-09-01;890.35
2009-01-16;850.12
2009-01-23;831.95
2009-01-30;825.88
2009-06-02;868.6
2009-02-13;826.84
2009-02-20;770.05
2009-02-27;735.09
2009-06-03;683.38
2009-03-13;756.55
2009-03-20;768.54
2009-03-27;815.94
2009-03-04;842.5
2009-10-04;856.56
2009-04-17;869.6
2009-04-24;866.23
2009-01-05;877.52
2009-08-05;929.23
2009-05-15;882.88
2009-05-22;887.0
2009-05-29;919.14
2009-05-06;940.09
2009-12-06;946.21
2009-06-19;921.23
2009-06-26;918.9
2009-03-07;896.42
2009-10-07;879.13
2009-07-17;940.38
2009-07-24;979.26
2009-07-31;987.48
2009-07-08;1010.4
2009-08-14;1004.0
2009-08-21;1026.1
2009-08-28;1028.9
2009-04-09;1016.4
2009-11-09;1042.7
2009-09-18;1068.3
2009-09-25;1044.3
2009-02-10;1025.2
2009-09-10;1071.4
2009-10-16;1087.6
2009-10-23;1079.6
2009-10-30;1036.1
2009-06-11;1069.3
2009-11-13;1093.4
2009-11-20;1091.3
2009-11-27;1091.4
2009-04-12;1105.9
2009-11-12;1106.4
2009-12-18;1102.4
2009-12-25;1126.4
2010-01-01;1115.1
2010-08-01;1144.9
2010-01-15;1136.0
2010-01-22;1091.7
2010-01-29;1073.8
2010-05-02;1066.1
2010-12-02;1075.5
2010-02-19;1109.1
2010-02-26;1104.4
2010-05-03;1138.7
2010-12-03;1149.9
2010-03-19;1159.9
2010-03-26;1166.5
2010-02-04;1178.1
2010-09-04;1194.3
2010-04-16;1192.1
2010-04-23;1217.2
2010-04-30;1186.6
2010-07-05;1110.8
2010-05-14;1135.6
2010-05-21;1087.6
2010-05-28;1089.4
2010-04-06;1064.8
2010-11-06;1091.6
2010-06-18;1117.5
2010-06-25;1076.7
2010-02-07;1022.5
2010-09-07;1077.9
2010-07-16;1064.8
2010-07-23;1102.6
2010-07-30;1101.6
2010-06-08;1121.6
2010-08-13;1079.2
2010-08-20;1071.6
2010-08-27;1064.5
2010-03-09;1104.5
2010-10-09;1109.5
2010-09-17;1125.5
2010-09-24;1148.6
2010-01-10;1146.2
2010-08-10;1165.1
2010-10-15;1176.1
2010-10-22;1183.0
2010-10-29;1183.2
2010-05-11;1225.8
2010-12-11;1199.2
2010-11-19;1199.7
2010-11-26;1189.4
2010-03-12;1224.7
2010-10-12;1240.4
2010-12-17;1243.9
2010-12-24;1256.7
2010-12-31;1257.6
2011-07-01;1271.5
2011-01-14;1293.2
2011-01-21;1283.3
2011-01-28;1276.3
2011-04-02;1310.8
2011-11-02;1329.1
2011-02-18;1343.0
2011-02-25;1319.8
2011-04-03;1321.1
2011-11-03;1304.2
2011-03-18;1279.2
2011-03-25;1313.8
2011-01-04;1332.4
2011-08-04;1328.1
2011-04-15;1319.6
2011-04-22;1337.3
2011-04-29;1363.6
2011-06-05;1340.2
2011-05-13;1337.7
2011-05-20;1333.2
2011-05-27;1331.1
2011-03-06;1300.1
2011-10-06;1270.9
2011-06-17;1271.5
2011-06-24;1268.4
2011-01-07;1339.6
2011-08-07;1343.8
2011-07-15;1316.1
2011-07-22;1345.0
2011-07-29;1292.2
2011-05-08;1199.3
2011-12-08;1178.8
2011-08-19;1123.5
2011-08-26;1176.8
2011-02-09;1173.9
2011-09-09;1154.2
2011-09-16;1216.0
2011-09-23;1136.4
2011-09-30;1131.4
2011-07-10;1155.4
2011-10-14;1224.5
2011-10-21;1238.2
2011-10-28;1285.0
2011-04-11;1253.2
2011-11-11;1263.8
2011-11-18;1215.6
2011-11-25;1158.6
2011-02-12;1244.2
2011-09-12;1255.1
2011-12-16;1219.6
2011-12-23;1265.3
2011-12-30;1257.6
2012-06-01;1277.8
2012-01-13;1289.0
2012-01-20;1315.3
2012-01-27;1316.3
2012-03-02;1344.9
2012-10-02;1342.6
2012-02-17;1361.2
2012-02-24;1365.7
2012-02-03;1369.6
2012-09-03;1370.8
2012-03-16;1404.1
2012-03-23;1397.1
2012-03-30;1408.4
2012-06-04;1398.0
2012-04-13;1370.2
2012-04-20;1378.5
2012-04-27;1403.3
2012-04-05;1369.1
2012-11-05;1353.3
2012-05-18;1295.2
2012-05-25;1317.8
2012-01-06;1278.0
2012-08-06;1325.6
2012-06-15;1342.8
2012-06-22;1335.0
2012-06-29;1362.1
2012-06-07;1354.6
2012-07-13;1356.7
2012-07-20;1362.6
2012-07-27;1385.9
2012-03-08;1390.9
2012-10-08;1405.8
2012-08-17;1418.1
2012-08-24;1411.1
2012-08-31;1406.5
2012-07-09;1437.9
2012-09-14;1465.7
2012-09-21;1460.1
2012-09-28;1440.6
2012-05-10;1460.9
2012-12-10;1428.5
2012-10-19;1433.1
2012-10-26;1411.9
2012-02-11;1414.2
2012-09-11;1379.8
2012-11-16;1359.8
2012-11-23;1409.1
2012-11-30;1416.1
2012-07-12;1418.0
2012-12-14;1413.5
2012-12-21;1430.1
2012-12-28;1402.4
2013-04-01;1466.4
2013-11-01;1472.0
2013-01-18;1485.9
2013-01-25;1502.9
2013-01-02;1513.1
2013-08-02;1517.9
2013-02-15;1519.7
2013-02-22;1515.6
2013-01-03;1518.2
2013-08-03;1551.1
2013-03-15;1560.7
2013-03-22;1556.8
2013-03-29;1569.1
2013-05-04;1553.2
2013-12-04;1588.8
2013-04-19;1555.2
2013-04-26;1582.2
2013-03-05;1614.4
2013-10-05;1633.7
2013-05-17;1667.4
2013-05-24;1649.6
2013-05-31;1630.7
2013-07-06;1643.3
2013-06-14;1626.7
2013-06-21;1592.4
2013-06-28;1606.2
2013-05-07;1631.8
2013-12-07;1680.1
2013-07-19;1692.0
2013-07-26;1691.6
2013-02-08;1709.6
2013-09-08;1691.4
2013-08-16;1655.8
2013-08-23;1663.5
2013-08-30;1632.9
2013-06-09;1655.1
2013-09-13;1687.9
2013-09-20;1709.9
2013-09-27;1691.7
2013-04-10;1690.5
2013-11-10;1703.2
2013-10-18;1744.5
2013-10-25;1759.7
2013-01-11;1761.6
2013-08-11;1770.6
2013-11-15;1798.1
2013-11-22;1804.7
2013-11-29;1805.8
2013-06-12;1805.0
2013-12-13;1775.3
2013-12-20;1818.3
2013-12-27;1841.4
2014-03-01;1831.3
2014-10-01;1842.3
2014-01-17;1838.7
2014-01-24;1790.2
2014-01-31;1782.5
2014-07-02;1797.0
2014-02-14;1838.6
2014-02-21;1836.2
2014-02-28;1859.4
2014-07-03;1878.0
2014-03-14;1841.1
2014-03-21;1866.5
2014-03-28;1857.6
2014-04-04;1865.0
2014-11-04;1815.6
2014-04-18;1864.8
2014-04-25;1863.4
2014-02-05;1881.1
2014-09-05;1878.4
2014-05-16;1877.8
2014-05-23;1900.5
2014-05-30;1923.5
2014-06-06;1949.4
2014-06-13;1936.1
2014-06-20;1962.8
2014-06-27;1960.9
2014-04-07;1985.4
2014-11-07;1967.5
2014-07-18;1978.2
2014-07-25;1978.3
2014-01-08;1925.1
2014-08-08;1931.5
2014-08-15;1955.0
2014-08-22;1988.4
2014-08-29;2003.3
2014-05-09;2007.7
2014-12-09;1985.5
2014-09-19;2010.4
2014-09-26;1982.8
2014-03-10;1967.9
2014-10-10;1906.1
2014-10-17;1886.7
2014-10-24;1964.5
2014-10-31;2018.0
2014-07-11;2031.9
2014-11-14;2039.8
2014-11-21;2063.5
2014-11-28;2067.5
2014-05-12;2075.3
2014-12-12;2002.3
2014-12-19;2070.6
2014-12-26;2088.7
2015-02-01;2058.2
2015-09-01;2044.8
2015-01-16;2019.4
2015-01-23;2051.8
2015-01-30;1994.9
2015-06-02;2055.4
2015-02-13;2096.9
2015-02-20;2110.3
2015-02-27;2104.5
2015-06-03;2071.2
2015-03-13;2053.4
2015-03-20;2108.1
2015-03-27;2061.0
2015-03-04;2066.9
2015-10-04;2102.0
2015-04-17;2081.1
2015-04-24;2117.6
2015-01-05;2108.2
2015-08-05;2116.1
2015-05-15;2122.7
2015-05-22;2126.0
2015-05-29;2107.3
2015-05-06;2092.8
2015-12-06;2094.1
2015-06-19;2109.9
2015-06-26;2101.4
2015-03-07;2076.7
2015-10-07;2076.6
2015-07-17;2126.6
2015-07-24;2079.6
2015-07-31;2103.8
2015-07-08;2077.5
2015-08-14;2091.5
2015-08-21;1970.8
2015-08-28;1988.8
2015-04-09;1921.2
2015-11-09;1961.0
2015-09-18;1958.0
2015-09-25;1931.3
2015-02-10;1951.3
2015-09-10;2014.8
2015-10-16;2033.1
2015-10-23;2075.1
2015-10-30;2079.3
2015-06-11;2099.2
2015-11-13;2023.0
2015-11-20;2089.1
2015-11-27;2090.1
2015-04-12;2091.6
2015-11-12;2012.3
2015-12-18;2005.5
2015-12-25;2060.9
2016-01-01;2043.9
2016-08-01;1922.0
2016-01-15;1880.3
2016-01-22;1906.9
2016-01-29;1940.2
2016-05-02;1880.0
2016-12-02;1864.7
2016-02-19;1917.7
2016-02-26;1948.0
2016-04-03;1999.9
2016-11-03;2022.1
2016-03-18;2049.5
2016-03-25;2035.9
2016-01-04;2072.7
2016-08-04;2047.6
2016-04-15;2080.7
2016-04-22;2091.5
2016-04-29;2065.3
2016-06-05;2057.1
2016-05-13;2046.6
2016-05-20;2052.3
2016-05-27;2099.0
2016-03-06;2099.1
2016-10-06;2096.0
2016-06-17;2071.2
2016-06-24;2037.4
2016-01-07;2102.9
2016-08-07;2129.9
2016-07-15;2161.7
2016-07-22;2175.0
2016-07-29;2173.6
2016-05-08;2182.8
2016-12-08;2184.0
2016-08-19;2183.8
2016-08-26;2169.0
2016-02-09;2179.9
2016-09-09;2127.8
2016-09-16;2139.1
2016-09-23;2164.6
2016-09-30;2168.2
2016-07-10;2153.7
2016-10-14;2132.9
2016-10-21;2141.1
2016-10-28;2126.4
2016-04-11;2085.1
2016-11-11;2164.4
2016-11-18;2181.9
2016-11-25;2213.3
2016-02-12;2191.9
2016-09-12;2259.5
2016-12-16;2258.0
2016-12-23;2263.7
2016-12-30;2238.8
2017-06-01;2276.9
2017-01-13;2274.6
2017-01-20;2271.3
2017-01-27;2294.6
2017-03-02;2297.4
2017-10-02;2316.1
2017-02-17;2351.1
2017-02-24;2367.3
2017-03-03;2383.1
2017-10-03;2372.6
2017-03-17;2378.2
2017-03-24;2343.9
2017-03-31;2362.7
2017-07-04;2355.5
2017-04-14;2328.9
2017-04-21;2348.6
2017-04-28;2384.2
2017-05-05;2399.2
2017-12-05;2390.9
2017-05-19;2381.7
2017-05-26;2415.8
2017-02-06;2439.0
2017-09-06;2431.7
2017-06-16;2433.1
2017-06-23;2438.3
2017-06-30;2423.4
2017-07-07;2425.1
2017-07-14;2459.2
2017-07-21;2472.5
2017-07-28;2472.1
2017-04-08;2476.8
2017-11-08;2441.3
2017-08-18;2425.5
2017-08-25;2443.0
2017-01-09;2476.5
2017-08-09;2461.4
2017-09-15;2500.2
2017-09-22;2502.2
2017-09-29;2519.3
2017-06-10;2549.3
2017-10-13;2553.1
2017-10-20;2575.2
2017-10-27;2581.0
2017-03-11;2587.8
2017-10-11;2582.3
2017-11-17;2578.8
2017-11-24;2602.4
2017-01-12;2642.2
2017-08-12;2651.5
2017-12-15;2675.8
2017-12-22;2683.3
2017-12-29;2673.6
2018-05-01;2743.1
2018-12-01;2786.2
2018-01-19;2810.3
2018-01-26;2872.8
2018-02-02;2762.1
2018-09-02;2619.5
2018-02-16;2732.2
2018-02-23;2747.3
2018-02-03;2691.2
2018-09-03;2786.5
2018-03-16;2752.0
2018-03-23;2588.2
2018-03-30;2640.8
2018-06-04;2604.4
2018-04-13;2656.3
2018-04-20;2670.1
2018-04-27;2669.9
2018-04-05;2663.4
2018-11-05;2727.7
2018-05-18;2712.9
2018-05-25;2721.3
2018-01-06;2734.6
2018-08-06;2779.0
2018-06-15;2779.6
2018-06-22;2754.8
2018-06-29;2718.3
2018-06-07;2759.8
2018-07-13;2801.3
2018-07-20;2801.8
2018-07-27;2818.8
2018-03-08;2840.3
2018-10-08;2833.2
2018-08-17;2850.1
2018-08-24;2874.6
2018-08-31;2901.5
2018-07-09;2871.6
2018-09-14;2904.9
2018-09-21;2929.6
2018-09-28;2913.9
2018-05-10;2885.5
2018-12-10;2767.1
2018-10-19;2767.7
2018-10-26;2658.6
2018-02-11;2723.0
2018-09-11;2781.0
2018-11-16;2736.2
2018-11-23;2632.5
2018-11-30;2760.1
2018-07-12;2633.0
2018-12-14;2599.9
2018-12-21;2416.6
2018-12-28;2485.7
2019-04-01;2531.9
2019-11-01;2596.2
2019-01-18;2670.7
2019-01-25;2664.7
2019-01-02;2706.5
2019-08-02;2707.8
2019-02-15;2775.6
2019-02-22;2792.6
2019-01-03;2803.6
2019-08-03;2743.0
2019-03-15;2822.4
2019-03-22;2800.7
2019-03-29;2834.4
2019-05-04;2892.7
2019-12-04;2907.4
2019-04-19;2905.0
2019-04-26;2939.8
2019-03-05;2945.6
2019-10-05;2881.4
2019-05-17;2859.5
2019-05-24;2826.0
2019-05-31;2752.0
2019-07-06;2873.3
2019-06-14;2886.9
2019-06-21;2950.4
2019-06-28;2941.7
2019-05-07;2990.4
2019-12-07;3013.7
2019-07-19;2976.6
2019-07-26;3025.8
2019-02-08;2932.0
2019-09-08;2918.6
2019-08-16;2888.6
2019-08-23;2847.1
2019-08-30;2926.4
2019-06-09;2978.7
2019-09-13;3007.3
2019-09-20;2992.0
2019-09-27;2961.7
2019-04-10;2952.0
